2025-04-17 17:41:19,clinical_data.csv,31b35f2efbe9e18c907623e0d04d3c35
2025-04-17 18:27:38,clinical_data.csv,31b35f2efbe9e18c907623e0d04d3c35
2025-04-17 18:29:05,clinical_data_v2.csv,e4ae36bb8543ab9761d3d1123a8bfc51
2025-04-17 18:35:08,clinical_data.csv,31b35f2efbe9e18c907623e0d04d3c35
2025-04-17 18:35:19,clinical_data_v2.csv,e4ae36bb8543ab9761d3d1123a8bfc51
2025-04-17 18:39:43,clinical_data.csv,31b35f2efbe9e18c907623e0d04d3c35
2025-04-17 18:39:57,clinical_data_v2.csv,e4ae36bb8543ab9761d3d1123a8bfc51
2025-04-17 18:43:03,clinical_data.csv,31b35f2efbe9e18c907623e0d04d3c35
2025-04-17 18:43:07,clinical_data_v2.csv,e4ae36bb8543ab9761d3d1123a8bfc51
2025-04-17 18:49:27,clinical_data_v2.csv,e4ae36bb8543ab9761d3d1123a8bfc51
2025-04-17 18:51:54,clinical_data.csv,31b35f2efbe9e18c907623e0d04d3c35
2025-04-17 18:52:00,clinical_data_v2.csv,e4ae36bb8543ab9761d3d1123a8bfc51
